date,year,month,strategy,action,buy_type,stock,price,amount
2010-02-02,2010,2,Timed HODL,BUY,fallback,BAJFINANCE,2.66,1571.43
2010-02-02,2010,2,Timed HODL,BUY,fallback,CHOLAFIN,11.27,1571.43
2010-02-02,2010,2,Timed HODL,BUY,fallback,FIEMIND,37.45,1571.43
2010-02-02,2010,2,Timed HODL,BUY,fallback,FSL,24.22,1571.43
2010-02-02,2010,2,Timed HODL,BUY,fallback,KARURVYSYA,23.22,1571.43
2010-02-02,2010,2,Timed HODL,BUY,fallback,MAHABANK,36.62,1571.43
2010-02-02,2010,2,Timed HODL,BUY,fallback,RSYSTEMS,5.16,1571.43
2010-03-05,2010,3,Timed HODL,BUY,fallback,BAJFINANCE,2.84,785.71
2010-03-05,2010,3,Timed HODL,BUY,fallback,CHOLAFIN,14.78,564.23
2010-03-05,2010,3,Timed HODL,BUY,fallback,FIEMIND,40.67,785.71
2010-03-05,2010,3,Timed HODL,BUY,fallback,FSL,23.56,785.71
2010-03-05,2010,3,Timed HODL,BUY,fallback,KARURVYSYA,24.49,785.71
2010-03-05,2010,3,Timed HODL,BUY,fallback,MAHABANK,37.46,785.71
2010-03-05,2010,3,Timed HODL,BUY,fallback,RSYSTEMS,5.8,785.71
2010-04-07,2010,4,Timed HODL,BUY,fallback,BAJFINANCE,2.96,817.35
2010-04-07,2010,4,Timed HODL,BUY,fallback,CHOLAFIN,18.16,409.6
2010-04-07,2010,4,Timed HODL,BUY,fallback,FIEMIND,40.8,817.35
2010-04-07,2010,4,Timed HODL,BUY,fallback,FSL,23.6,817.35
2010-04-07,2010,4,Timed HODL,BUY,fallback,KARURVYSYA,28.15,817.35
2010-04-07,2010,4,Timed HODL,BUY,fallback,MAHABANK,38.12,817.35
2010-04-07,2010,4,Timed HODL,BUY,fallback,RSYSTEMS,6.04,817.35
2010-05-07,2010,5,Timed HODL,BUY,fallback,BAJFINANCE,3.75,431.52
2010-05-07,2010,5,Timed HODL,BUY,fallback,CHOLAFIN,20.67,580.09
2010-05-07,2010,5,Timed HODL,BUY,fallback,FIEMIND,45.42,843.96
2010-05-07,2010,5,Timed HODL,BUY,fallback,FSL,22.44,843.96
2010-05-07,2010,5,Timed HODL,BUY,fallback,KARURVYSYA,29.42,843.96
2010-05-07,2010,5,Timed HODL,BUY,fallback,MAHABANK,37.67,843.96
2010-05-07,2010,5,Timed HODL,BUY,fallback,RSYSTEMS,5.99,843.96
2010-06-07,2010,6,Timed HODL,BUY,fallback,BAJFINANCE,4.06,598.44
2010-06-07,2010,6,Timed HODL,BUY,fallback,CHOLAFIN,22.61,545.69
2010-06-07,2010,6,Timed HODL,BUY,fallback,FIEMIND,49.1,801.58
2010-06-07,2010,6,Timed HODL,BUY,fallback,FSL,19.77,882.33
2010-06-07,2010,6,Timed HODL,BUY,fallback,KARURVYSYA,29.32,882.33
2010-06-07,2010,6,Timed HODL,BUY,fallback,MAHABANK,42.42,882.33
2010-06-07,2010,6,Timed HODL,BUY,fallback,RSYSTEMS,5.78,882.33
2010-07-06,2010,7,Timed HODL,BUY,fallback,BAJFINANCE,4.45,885.9
2010-07-06,2010,7,Timed HODL,BUY,fallback,CHOLAFIN,25.31,868.76
2010-07-06,2010,7,Timed HODL,BUY,fallback,FSL,22.13,885.9
2010-07-06,2010,7,Timed HODL,BUY,fallback,KARURVYSYA,34.4,802.07
2010-07-06,2010,7,Timed HODL,BUY,fallback,MAHABANK,42.01,885.9
2010-07-06,2010,7,Timed HODL,BUY,fallback,RSYSTEMS,5.93,885.9
2010-08-04,2010,8,Timed HODL,BUY,fallback,BAJFINANCE,5.18,134.55
2010-08-04,2010,8,Timed HODL,BUY,fallback,CHOLAFIN,26.8,761.44
2010-08-04,2010,8,Timed HODL,BUY,fallback,FIEMIND,66.82,679.41
2010-08-04,2010,8,Timed HODL,BUY,fallback,FSL,21.01,926.69
2010-08-04,2010,8,Timed HODL,BUY,fallback,KARURVYSYA,36.59,728.52
2010-08-04,2010,8,Timed HODL,BUY,fallback,MAHABANK,48.4,926.69
2010-08-04,2010,8,Timed HODL,BUY,fallback,RSYSTEMS,5.63,926.69
2010-09-02,2010,9,Timed HODL,BUY,fallback,BAJFINANCE,5.75,558.25
2010-09-02,2010,9,Timed HODL,BUY,fallback,CHOLAFIN,30.0,468.84
2010-09-02,2010,9,Timed HODL,BUY,fallback,FIEMIND,61.15,986.12
2010-09-02,2010,9,Timed HODL,BUY,fallback,FSL,20.08,986.12
2010-09-02,2010,9,Timed HODL,BUY,fallback,MAHABANK,51.65,986.12
2010-09-02,2010,9,Timed HODL,BUY,fallback,RSYSTEMS,5.8,986.12
2010-10-04,2010,10,Timed HODL,BUY,fallback,CHOLAFIN,31.9,843.14
2010-10-04,2010,10,Timed HODL,BUY,fallback,FIEMIND,68.78,1061.61
2010-10-04,2010,10,Timed HODL,BUY,fallback,FSL,22.32,1061.61
2010-10-04,2010,10,Timed HODL,BUY,fallback,KARURVYSYA,45.86,808.92
2010-10-04,2010,10,Timed HODL,BUY,fallback,MAHABANK,52.29,1061.61
2010-10-04,2010,10,Timed HODL,BUY,fallback,RSYSTEMS,5.85,1061.61
2010-11-02,2010,11,Timed HODL,BUY,fallback,FSL,21.66,4167.51
2010-12-03,2010,12,Timed HODL,BUY,fallback,FSL,16.97,2716.5
2010-12-21,2010,12,Timed Entry+Exit,BUY,,FSL,18.18,66000.0
2010-12-21,2010,12,Timed HODL,BUY,signal,FSL,18.18,5648.77
2011-01-12,2011,1,Timed Entry+Exit,SELL,,FSL,17.52,63544.1
2011-02-01,2011,2,Timed HODL,BUY,fallback,BAJFINANCE,5.01,3025.0
2011-02-01,2011,2,Timed HODL,BUY,fallback,FIEMIND,59.73,3025.0
2011-02-01,2011,2,Timed HODL,BUY,fallback,MAHABANK,42.41,3025.0
2011-03-03,2011,3,Timed HODL,BUY,fallback,BAJFINANCE,5.51,1234.21
2011-03-03,2011,3,Timed HODL,BUY,fallback,FIEMIND,61.35,1282.87
2011-03-03,2011,3,Timed HODL,BUY,fallback,FSL,13.25,41.91
2011-03-03,2011,3,Timed HODL,BUY,fallback,MAHABANK,42.37,2236.61
2011-03-09,2011,3,Timed Entry+Exit,BUY,,FSL,13.25,81694.1
2011-03-09,2011,3,Timed HODL,BUY,signal,FSL,13.25,4279.4
2011-05-04,2011,5,Timed Entry+Exit,BUY,,KARURVYSYA,43.99,12100.0
2011-05-04,2011,5,Timed HODL,BUY,fallback,BAJFINANCE,5.7,1281.44
2011-05-04,2011,5,Timed HODL,BUY,fallback,CHOLAFIN,28.63,2016.67
2011-05-04,2011,5,Timed HODL,BUY,fallback,FIEMIND,61.19,1779.88
2011-05-04,2011,5,Timed HODL,BUY,fallback,MAHABANK,41.54,2016.67
2011-05-04,2011,5,Timed HODL,BUY,fallback,RSYSTEMS,6.78,2016.67
2011-06-02,2011,6,Timed Entry+Exit,BUY,,FSL,14.57,6050.0
2011-06-02,2011,6,Timed HODL,BUY,signal,FSL,14.57,9038.68
2011-06-16,2011,6,Timed Entry+Exit,SELL,,KARURVYSYA,42.72,11739.97
2011-06-22,2011,6,Timed Entry+Exit,SELL,,FSL,12.91,84817.49
2011-07-05,2011,7,Timed Entry+Exit,BUY,,KARURVYSYA,43.88,102607.46
2011-07-29,2011,7,Timed HODL,BUY,fallback,FIEMIND,59.21,1512.5
2011-07-29,2011,7,Timed HODL,BUY,fallback,MAHABANK,41.69,1512.5
2011-07-29,2011,7,Timed HODL,BUY,fallback,RSYSTEMS,6.32,1512.5
2011-08-02,2011,8,Timed Entry+Exit,BUY,,RSYSTEMS,6.81,6050.0
2011-08-02,2011,8,Timed HODL,BUY,signal,RSYSTEMS,6.81,7562.5
2011-08-03,2011,8,Timed Entry+Exit,SELL,,KARURVYSYA,43.38,101334.05
2011-08-22,2011,8,Timed Entry+Exit,SELL,,RSYSTEMS,6.03,5346.27
2011-09-06,2011,9,Timed Entry+Exit,BUY,,RSYSTEMS,6.25,112730.32
2011-09-06,2011,9,Timed HODL,BUY,signal,RSYSTEMS,6.25,6050.0
2011-09-29,2011,9,Timed Entry+Exit,SELL,,RSYSTEMS,5.9,106232.96
2011-10-07,2011,10,Timed Entry+Exit,BUY,,KARURVYSYA,39.45,112282.96
2011-10-07,2011,10,Timed HODL,BUY,signal,KARURVYSYA,39.45,6050.0
2011-10-11,2011,10,Timed Entry+Exit,BUY,,FSL,8.64,112741.68
2011-10-11,2011,10,Timed Entry+Exit,SELL,,KARURVYSYA,39.65,112741.68
2011-11-17,2011,11,Timed Entry+Exit,SELL,,FSL,7.17,93436.62
2011-11-29,2011,11,Timed Entry+Exit,BUY,,OBEROIRLTY,203.36,99486.62
2011-11-29,2011,11,Timed HODL,BUY,signal,OBEROIRLTY,203.36,6050.0
2011-11-30,2011,11,Timed Entry+Exit,SELL,,OBEROIRLTY,204.05,99726.69
2011-12-01,2011,12,Timed Entry+Exit,BUY,,OBEROIRLTY,206.41,105776.69
2011-12-01,2011,12,Timed HODL,BUY,signal,OBEROIRLTY,206.41,6050.0
2011-12-15,2011,12,Timed Entry+Exit,SELL,,OBEROIRLTY,202.89,103869.08
2011-12-28,2011,12,Timed Entry+Exit,BUY,,FSL,5.0,103869.08
2011-12-29,2011,12,Timed Entry+Exit,SELL,,FSL,4.46,92503.91
2012-01-04,2012,1,Timed Entry+Exit,BUY,,CHOLAFIN,21.61,49579.45
2012-01-04,2012,1,Timed Entry+Exit,BUY,,FSL,5.12,49579.45
2012-01-04,2012,1,Timed HODL,BUY,signal,CHOLAFIN,21.61,3327.5
2012-01-04,2012,1,Timed HODL,BUY,signal,FSL,5.12,3327.5
2012-03-01,2012,3,Timed HODL,BUY,fallback,FIEMIND,61.53,4436.67
2012-03-01,2012,3,Timed HODL,BUY,fallback,FSL,9.49,1856.21
2012-03-01,2012,3,Timed HODL,BUY,fallback,KARURVYSYA,40.79,4436.67
2012-03-12,2012,3,Timed Entry+Exit,SELL,,FSL,8.72,84425.97
2012-04-02,2012,4,Timed HODL,BUY,fallback,FIEMIND,56.85,3078.49
2012-04-02,2012,4,Timed HODL,BUY,fallback,FSL,8.14,3078.49
2012-04-02,2012,4,Timed HODL,BUY,fallback,KARURVYSYA,40.82,3078.49
2012-04-04,2012,4,Timed Entry+Exit,BUY,,MAHABANK,40.12,104390.97
2012-04-10,2012,4,Timed Entry+Exit,SELL,,CHOLAFIN,32.61,74752.96
2012-04-20,2012,4,Timed Entry+Exit,SELL,,MAHABANK,39.64,103024.32
2012-04-27,2012,4,Timed Entry+Exit,BUY,,FIEMIND,56.51,177777.28
2012-05-04,2012,5,Timed Entry+Exit,SELL,,FIEMIND,54.5,171267.8
2012-05-22,2012,5,Timed Entry+Exit,BUY,,FIEMIND,53.71,177922.8
2012-05-22,2012,5,Timed HODL,BUY,signal,FIEMIND,53.71,6655.0
2012-06-29,2012,6,Timed HODL,BUY,fallback,FIEMIND,54.46,2003.25
2012-06-29,2012,6,Timed HODL,BUY,fallback,FSL,6.7,3327.5
2012-07-30,2012,7,Timed HODL,BUY,fallback,FIEMIND,53.39,1481.3
2012-07-30,2012,7,Timed HODL,BUY,fallback,FSL,6.59,1994.81
2012-07-30,2012,7,Timed HODL,BUY,fallback,MAHABANK,35.78,1994.81
2012-07-30,2012,7,Timed HODL,BUY,fallback,OBEROIRLTY,218.83,1994.81
2012-08-30,2012,8,Timed HODL,BUY,fallback,MAHABANK,33.84,3584.26
2012-08-30,2012,8,Timed HODL,BUY,fallback,OBEROIRLTY,213.23,3584.26
2012-09-21,2012,9,Timed Entry+Exit,SELL,,FIEMIND,68.87,227949.4
2012-10-03,2012,10,Timed HODL,BUY,fallback,BAJFINANCE,10.85,1331.0
2012-10-03,2012,10,Timed HODL,BUY,fallback,CHOLAFIN,43.76,1331.0
2012-10-03,2012,10,Timed HODL,BUY,fallback,FSL,8.87,1331.0
2012-10-03,2012,10,Timed HODL,BUY,fallback,KARURVYSYA,48.15,1331.0
2012-10-03,2012,10,Timed HODL,BUY,fallback,MAHABANK,39.6,1331.0
2012-10-03,2012,10,Timed HODL,BUY,fallback,MAYURUNIQ,90.53,1331.0
2012-10-03,2012,10,Timed HODL,BUY,fallback,MCX,205.53,1331.0
2012-10-03,2012,10,Timed HODL,BUY,fallback,OBEROIRLTY,241.48,1331.0
2012-11-05,2012,11,Timed HODL,BUY,fallback,BAJFINANCE,11.61,931.7
2012-11-05,2012,11,Timed HODL,BUY,fallback,CHOLAFIN,42.52,931.7
2012-11-05,2012,11,Timed HODL,BUY,fallback,FIEMIND,69.5,103.85
2012-11-05,2012,11,Timed HODL,BUY,fallback,FSL,9.15,931.7
2012-11-05,2012,11,Timed HODL,BUY,fallback,KARURVYSYA,51.99,931.7
2012-11-05,2012,11,Timed HODL,BUY,fallback,MAHABANK,41.55,931.7
2012-11-05,2012,11,Timed HODL,BUY,fallback,MAYURUNIQ,102.58,931.7
2012-11-05,2012,11,Timed HODL,BUY,fallback,MCX,238.39,931.7
2012-11-05,2012,11,Timed HODL,BUY,fallback,OBEROIRLTY,251.06,931.7
2012-12-07,2012,12,Timed HODL,BUY,fallback,BAJFINANCE,12.27,841.45
2012-12-07,2012,12,Timed HODL,BUY,fallback,CHOLAFIN,45.72,841.45
2012-12-07,2012,12,Timed HODL,BUY,fallback,FIEMIND,73.9,809.44
2012-12-07,2012,12,Timed HODL,BUY,fallback,FSL,9.42,841.45
2012-12-07,2012,12,Timed HODL,BUY,fallback,KARURVYSYA,57.61,841.45
2012-12-07,2012,12,Timed HODL,BUY,fallback,MAHABANK,44.89,841.45
2012-12-07,2012,12,Timed HODL,BUY,fallback,MAYURUNIQ,109.8,841.45
2012-12-07,2012,12,Timed HODL,BUY,fallback,MCX,256.25,841.45
2012-12-07,2012,12,Timed HODL,BUY,fallback,OBEROIRLTY,277.44,841.45
2013-01-08,2013,1,Timed HODL,BUY,fallback,BAJFINANCE,12.73,819.4
2013-01-08,2013,1,Timed HODL,BUY,fallback,CHOLAFIN,51.82,819.4
2013-01-08,2013,1,Timed HODL,BUY,fallback,FIEMIND,77.83,819.4
2013-01-08,2013,1,Timed HODL,BUY,fallback,FSL,9.34,819.4
2013-01-08,2013,1,Timed HODL,BUY,fallback,KARURVYSYA,61.34,819.4
2013-01-08,2013,1,Timed HODL,BUY,fallback,MAHABANK,49.76,819.4
2013-01-08,2013,1,Timed HODL,BUY,fallback,MAYURUNIQ,108.61,819.4
2013-01-08,2013,1,Timed HODL,BUY,fallback,MCX,239.34,819.4
2013-01-08,2013,1,Timed HODL,BUY,fallback,OBEROIRLTY,274.36,819.4
2013-02-06,2013,2,Timed HODL,BUY,fallback,BAJFINANCE,12.12,813.99
2013-02-06,2013,2,Timed HODL,BUY,fallback,CHOLAFIN,54.14,813.99
2013-02-06,2013,2,Timed HODL,BUY,fallback,FIEMIND,77.69,813.99
2013-02-06,2013,2,Timed HODL,BUY,fallback,FSL,8.72,813.99
2013-02-06,2013,2,Timed HODL,BUY,fallback,KARURVYSYA,57.42,813.99
2013-02-06,2013,2,Timed HODL,BUY,fallback,MAHABANK,44.11,813.99
2013-02-06,2013,2,Timed HODL,BUY,fallback,MAYURUNIQ,107.37,813.99
2013-02-06,2013,2,Timed HODL,BUY,fallback,MCX,223.69,813.99
2013-02-06,2013,2,Timed HODL,BUY,fallback,OBEROIRLTY,264.37,813.99
2013-03-07,2013,3,Timed HODL,BUY,fallback,FSL,7.98,4067.24
2013-03-07,2013,3,Timed HODL,BUY,fallback,MCX,169.14,4067.24
2013-04-04,2013,4,Timed Entry+Exit,BUY,,MCX,154.35,303816.4
2013-04-04,2013,4,Timed HODL,BUY,signal,MCX,154.35,7320.5
2013-05-30,2013,5,Timed HODL,BUY,fallback,FSL,8.14,1830.12
2013-05-30,2013,5,Timed HODL,BUY,fallback,KARURVYSYA,51.53,1830.12
2013-05-30,2013,5,Timed HODL,BUY,fallback,MCX,147.89,1830.12
2013-05-30,2013,5,Timed HODL,BUY,fallback,OBEROIRLTY,220.52,1830.12
2013-06-05,2013,6,Timed Entry+Exit,SELL,,MCX,142.59,280399.68
2013-06-07,2013,6,Timed Entry+Exit,BUY,,MCX,146.44,295040.68
2013-06-07,2013,6,Timed HODL,BUY,signal,MCX,146.44,7320.5
2013-06-20,2013,6,Timed Entry+Exit,SELL,,MCX,137.13,276010.24
2013-07-02,2013,7,Timed Entry+Exit,BUY,,OBEROIRLTY,195.2,283330.74
2013-07-02,2013,7,Timed HODL,BUY,signal,OBEROIRLTY,195.2,7320.5
2013-07-23,2013,7,Timed Entry+Exit,SELL,,OBEROIRLTY,182.85,265136.74
2013-07-29,2013,7,Timed Entry+Exit,BUY,,OBEROIRLTY,189.55,265136.74
2013-08-06,2013,8,Timed Entry+Exit,SELL,,OBEROIRLTY,160.74,224613.87
2013-08-14,2013,8,Timed Entry+Exit,BUY,,CHOLAFIN,43.67,231934.37
2013-08-14,2013,8,Timed HODL,BUY,signal,CHOLAFIN,43.67,7320.5
2013-08-28,2013,8,Timed Entry+Exit,SELL,,CHOLAFIN,39.68,210520.33
2013-08-29,2013,8,Timed Entry+Exit,BUY,,MCX,59.25,210520.33
2013-09-04,2013,9,Timed Entry+Exit,BUY,,FSL,10.66,7320.5
2013-09-06,2013,9,Timed HODL,BUY,signal,CHOLAFIN,40.42,3660.25
2013-09-06,2013,9,Timed HODL,BUY,signal,MAHABANK,30.78,3660.25
2013-10-29,2013,10,Timed Entry+Exit,SELL,,FSL,14.88,10211.86
2013-10-31,2013,10,Timed HODL,BUY,fallback,CHOLAFIN,43.31,1464.1
2013-10-31,2013,10,Timed HODL,BUY,fallback,KARURVYSYA,39.82,1464.1
2013-10-31,2013,10,Timed HODL,BUY,fallback,MAHABANK,32.07,1464.1
2013-10-31,2013,10,Timed HODL,BUY,fallback,MCX,80.95,1464.1
2013-10-31,2013,10,Timed HODL,BUY,fallback,OBEROIRLTY,177.38,1464.1
2013-12-03,2013,12,Timed Entry+Exit,BUY,,BAJFINANCE,14.07,16086.68
2013-12-03,2013,12,Timed Entry+Exit,BUY,,KARURVYSYA,39.93,16086.68
2013-12-03,2013,12,Timed HODL,BUY,signal,KARURVYSYA,39.93,14641.0
2013-12-16,2013,12,Timed Entry+Exit,SELL,,KARURVYSYA,38.29,15409.15
2014-01-09,2014,1,Timed Entry+Exit,SELL,,BAJFINANCE,14.84,16950.17
2014-01-17,2014,1,Timed Entry+Exit,SELL,,MCX,81.95,290864.69
2014-01-29,2014,1,Timed HODL,BUY,fallback,KARURVYSYA,38.51,2013.14
2014-01-29,2014,1,Timed HODL,BUY,fallback,MAHABANK,28.46,2013.14
2014-01-29,2014,1,Timed HODL,BUY,fallback,MCX,84.16,2013.14
2014-01-29,2014,1,Timed HODL,BUY,fallback,OBEROIRLTY,179.08,2013.14
2014-02-28,2014,2,Timed HODL,BUY,fallback,CHOLAFIN,43.36,1610.51
2014-02-28,2014,2,Timed HODL,BUY,fallback,KARURVYSYA,36.45,1610.51
2014-02-28,2014,2,Timed HODL,BUY,fallback,MAHABANK,24.65,1610.51
2014-02-28,2014,2,Timed HODL,BUY,fallback,MCX,91.23,1610.51
2014-02-28,2014,2,Timed HODL,BUY,fallback,OBEROIRLTY,178.8,1610.51
2014-04-01,2014,4,Timed HODL,BUY,fallback,MCX,85.36,16105.1
2014-05-30,2014,5,Timed HODL,BUY,fallback,BAJFINANCE,19.34,805.25
2014-05-30,2014,5,Timed HODL,BUY,fallback,CHOLAFIN,59.56,805.25
2014-05-30,2014,5,Timed HODL,BUY,fallback,KARURVYSYA,51.86,805.25
2014-05-30,2014,5,Timed HODL,BUY,fallback,MAHABANK,39.23,805.25
2014-05-30,2014,5,Timed HODL,BUY,fallback,MAYURUNIQ,318.69,805.25
2014-05-30,2014,5,Timed HODL,BUY,fallback,MCX,93.27,805.25
2014-05-30,2014,5,Timed HODL,BUY,fallback,OBEROIRLTY,226.14,805.25
2014-06-30,2014,6,Timed HODL,BUY,fallback,BAJFINANCE,19.21,1046.83
2014-06-30,2014,6,Timed HODL,BUY,fallback,CHOLAFIN,74.16,1046.83
2014-06-30,2014,6,Timed HODL,BUY,fallback,KARURVYSYA,53.8,1046.83
2014-06-30,2014,6,Timed HODL,BUY,fallback,MAHABANK,43.16,1046.83
2014-06-30,2014,6,Timed HODL,BUY,fallback,MAYURUNIQ,347.97,1046.83
2014-06-30,2014,6,Timed HODL,BUY,fallback,MCX,106.58,1046.83
2014-06-30,2014,6,Timed HODL,BUY,fallback,OBEROIRLTY,244.62,1046.83
2014-07-30,2014,7,Timed HODL,BUY,fallback,BAJFINANCE,21.35,1119.3
2014-07-30,2014,7,Timed HODL,BUY,fallback,CHOLAFIN,79.69,1119.3
2014-07-30,2014,7,Timed HODL,BUY,fallback,KARURVYSYA,57.92,1119.3
2014-07-30,2014,7,Timed HODL,BUY,fallback,MAHABANK,39.28,1119.3
2014-07-30,2014,7,Timed HODL,BUY,fallback,MAYURUNIQ,415.85,1119.3
2014-07-30,2014,7,Timed HODL,BUY,fallback,MCX,143.35,1119.3
2014-07-30,2014,7,Timed HODL,BUY,fallback,OBEROIRLTY,246.36,1119.3
2014-09-01,2014,9,Timed HODL,BUY,fallback,BAJFINANCE,23.51,1946.3
2014-09-01,2014,9,Timed HODL,BUY,fallback,CHOLAFIN,77.73,1946.3
2014-09-01,2014,9,Timed HODL,BUY,fallback,KARURVYSYA,56.13,1946.3
2014-09-01,2014,9,Timed HODL,BUY,fallback,MAHABANK,37.69,1946.3
2014-09-01,2014,9,Timed HODL,BUY,fallback,MAYURUNIQ,404.14,1946.3
2014-09-01,2014,9,Timed HODL,BUY,fallback,MCX,147.84,1946.3
2014-09-01,2014,9,Timed HODL,BUY,fallback,OBEROIRLTY,225.26,1946.3
2014-09-30,2014,9,Timed HODL,BUY,fallback,OBEROIRLTY,207.29,5838.9
2014-11-07,2014,11,Timed HODL,BUY,fallback,BAJFINANCE,27.81,1610.51
2014-11-07,2014,11,Timed HODL,BUY,fallback,CHOLAFIN,93.63,1610.51
2014-11-07,2014,11,Timed HODL,BUY,fallback,KARURVYSYA,64.54,1610.51
2014-11-07,2014,11,Timed HODL,BUY,fallback,MAHABANK,37.31,1610.51
2014-11-07,2014,11,Timed HODL,BUY,fallback,MAYURUNIQ,411.26,1610.51
2014-11-07,2014,11,Timed HODL,BUY,fallback,MCX,151.76,1610.51
2014-11-07,2014,11,Timed HODL,BUY,fallback,OBEROIRLTY,229.35,1610.51
2014-12-08,2014,12,Timed HODL,BUY,fallback,BAJFINANCE,31.39,1288.41
2014-12-08,2014,12,Timed HODL,BUY,fallback,CHOLAFIN,87.09,1288.41
2014-12-08,2014,12,Timed HODL,BUY,fallback,FSL,27.28,1288.41
2014-12-08,2014,12,Timed HODL,BUY,fallback,KARURVYSYA,65.92,1288.41
2014-12-08,2014,12,Timed HODL,BUY,fallback,MAHABANK,35.81,1288.41
2014-12-08,2014,12,Timed HODL,BUY,fallback,MAYURUNIQ,402.84,1288.41
2014-12-08,2014,12,Timed HODL,BUY,fallback,MCX,151.17,1288.41
2014-12-08,2014,12,Timed HODL,BUY,fallback,OBEROIRLTY,259.16,1288.41
2015-01-07,2015,1,Timed HODL,BUY,fallback,FSL,26.93,5717.31
2015-01-07,2015,1,Timed HODL,BUY,fallback,MAHABANK,35.52,5717.31
2015-03-03,2015,3,Timed HODL,BUY,fallback,FSL,26.93,8857.81
2015-03-03,2015,3,Timed HODL,BUY,fallback,MAHABANK,33.55,8857.81
2015-04-06,2015,4,Timed Entry+Exit,BUY,,MAHABANK,31.84,455285.85
2015-04-06,2015,4,Timed HODL,BUY,signal,MAHABANK,31.84,8857.81
2015-04-28,2015,4,Timed Entry+Exit,SELL,,MAHABANK,31.09,444086.8
2015-05-14,2015,5,Timed Entry+Exit,BUY,,MAHABANK,31.76,452944.61
2015-05-14,2015,5,Timed HODL,BUY,signal,MAHABANK,31.76,8857.81
2015-06-22,2015,6,Timed Entry+Exit,BUY,,MAHABANK,31.73,8857.81
2015-06-22,2015,6,Timed HODL,BUY,signal,MAHABANK,31.73,8857.81
2015-07-28,2015,7,Timed Entry+Exit,SELL,,MAHABANK,32.12,466606.9
2015-07-29,2015,7,Timed HODL,BUY,fallback,FIEMIND,263.83,1265.4
2015-07-29,2015,7,Timed HODL,BUY,fallback,FSL,26.93,1265.4
2015-07-29,2015,7,Timed HODL,BUY,fallback,KARURVYSYA,57.09,1265.4
2015-07-29,2015,7,Timed HODL,BUY,fallback,MAHABANK,32.37,1265.4
2015-07-29,2015,7,Timed HODL,BUY,fallback,MAYURUNIQ,386.88,1265.4
2015-07-29,2015,7,Timed HODL,BUY,fallback,OBEROIRLTY,245.05,1265.4
2015-08-03,2015,8,Timed Entry+Exit,BUY,,MAHABANK,33.23,484322.52
2015-08-03,2015,8,Timed HODL,BUY,signal,MAHABANK,33.23,10123.21
2015-08-11,2015,8,Timed Entry+Exit,SELL,,MAHABANK,31.56,459584.27
2015-09-14,2015,9,Timed Entry+Exit,BUY,,OBEROIRLTY,229.35,468442.08
2015-09-14,2015,9,Timed HODL,BUY,signal,OBEROIRLTY,229.35,8857.81
2015-10-06,2015,10,Timed Entry+Exit,BUY,,MAHABANK,29.3,8857.81
2015-10-06,2015,10,Timed HODL,BUY,signal,MAHABANK,29.3,8857.81
2015-10-29,2015,10,Timed Entry+Exit,SELL,,MAHABANK,28.7,8668.36
2015-11-13,2015,11,Timed Entry+Exit,SELL,,OBEROIRLTY,254.0,518288.29
2015-11-30,2015,11,Timed Entry+Exit,BUY,,MAHABANK,28.02,535814.47
2015-11-30,2015,11,Timed HODL,BUY,signal,MAHABANK,28.02,8857.81
2015-12-14,2015,12,Timed Entry+Exit,SELL,,MAHABANK,26.86,513247.7
2015-12-22,2015,12,Timed Entry+Exit,BUY,,MCX,150.57,522105.51
2015-12-22,2015,12,Timed HODL,BUY,signal,MCX,150.57,8857.81
2016-01-18,2016,1,Timed Entry+Exit,SELL,,MCX,143.3,496382.08
2016-02-01,2016,2,Timed Entry+Exit,BUY,,MCX,153.29,515869.26
2016-02-01,2016,2,Timed HODL,BUY,signal,MCX,153.29,19487.18
2016-02-04,2016,2,Timed Entry+Exit,SELL,,MCX,143.34,481903.69
2016-02-05,2016,2,Timed Entry+Exit,BUY,,MAHABANK,25.5,481903.69
2016-02-26,2016,2,Timed Entry+Exit,SELL,,MAHABANK,24.22,457229.92
2016-02-29,2016,2,Timed Entry+Exit,BUY,,MAHABANK,24.52,228614.96
2016-02-29,2016,2,Timed Entry+Exit,BUY,,MCX,143.17,228614.96
2016-03-01,2016,3,Timed Entry+Exit,BUY,,OBEROIRLTY,220.68,9743.59
2016-03-01,2016,3,Timed HODL,BUY,signal,OBEROIRLTY,220.68,9743.59
2016-03-30,2016,3,Timed Entry+Exit,SELL,,OBEROIRLTY,226.77,10002.68
2016-03-31,2016,3,Timed Entry+Exit,BUY,,OBEROIRLTY,233.2,10002.68
2016-04-11,2016,4,Timed Entry+Exit,SELL,,OBEROIRLTY,224.75,9630.62
2016-04-18,2016,4,Timed Entry+Exit,BUY,,OBEROIRLTY,268.78,19374.21
2016-05-04,2016,5,Timed HODL,BUY,fallback,MAHABANK,24.86,4871.8
2016-05-04,2016,5,Timed HODL,BUY,fallback,MAYURUNIQ,373.63,4871.8
2016-05-04,2016,5,Timed HODL,BUY,fallback,MCX,155.79,4871.8
2016-05-04,2016,5,Timed HODL,BUY,fallback,RSYSTEMS,48.07,4871.8
2016-05-17,2016,5,Timed Entry+Exit,SELL,,MCX,153.14,244300.82
2016-05-23,2016,5,Timed Entry+Exit,SELL,,OBEROIRLTY,257.72,18558.68
2016-05-27,2016,5,Timed Entry+Exit,BUY,,KARURVYSYA,59.74,272603.09
2016-05-30,2016,5,Timed Entry+Exit,SELL,,KARURVYSYA,58.99,268911.16
2016-06-29,2016,6,Timed HODL,BUY,fallback,RSYSTEMS,43.07,9743.59
2016-07-11,2016,7,Timed Entry+Exit,BUY,,RSYSTEMS,44.04,288398.34
2016-07-11,2016,7,Timed HODL,BUY,signal,RSYSTEMS,44.04,9743.59
2016-07-18,2016,7,Timed Entry+Exit,SELL,,RSYSTEMS,42.4,277388.45
2016-07-21,2016,7,Timed Entry+Exit,SELL,,MAHABANK,28.27,263400.4
2016-07-26,2016,7,Timed Entry+Exit,BUY,,RSYSTEMS,43.87,540788.85
2016-08-30,2016,8,Timed HODL,BUY,fallback,RSYSTEMS,44.88,9743.59
2016-10-03,2016,10,Timed Entry+Exit,SELL,,RSYSTEMS,48.7,599758.4
2016-10-03,2016,10,Timed HODL,BUY,fallback,RSYSTEMS,48.7,19487.18
2016-11-15,2016,11,Timed Entry+Exit,BUY,,MAHABANK,26.18,638732.76
2016-11-23,2016,11,Timed Entry+Exit,SELL,,MAHABANK,24.52,597497.89
2016-11-30,2016,11,Timed HODL,BUY,fallback,KARURVYSYA,52.71,3247.86
2016-11-30,2016,11,Timed HODL,BUY,fallback,MAHABANK,25.37,3247.86
2016-11-30,2016,11,Timed HODL,BUY,fallback,MAYURUNIQ,345.51,3247.86
2016-12-02,2016,12,Timed Entry+Exit,BUY,,MAHABANK,24.9,607241.48
2016-12-02,2016,12,Timed HODL,BUY,signal,MAHABANK,24.9,9743.59
2016-12-26,2016,12,Timed Entry+Exit,SELL,,MAHABANK,24.17,588945.37
2017-01-04,2017,1,Timed Entry+Exit,BUY,,MAYURUNIQ,322.89,599663.31
2017-01-04,2017,1,Timed HODL,BUY,signal,MAYURUNIQ,322.89,10717.94
2017-03-02,2017,3,Timed HODL,BUY,fallback,CHOLAFIN,184.63,7145.29
2017-03-02,2017,3,Timed HODL,BUY,fallback,FIEMIND,392.9,7145.29
2017-03-02,2017,3,Timed HODL,BUY,fallback,MAYURUNIQ,336.57,7145.29
2017-05-04,2017,5,Timed HODL,BUY,fallback,FIEMIND,435.41,7145.29
2017-05-04,2017,5,Timed HODL,BUY,fallback,MCX,204.53,7145.29
2017-05-04,2017,5,Timed HODL,BUY,fallback,RSYSTEMS,42.82,7145.29
2017-05-08,2017,5,Timed Entry+Exit,SELL,,MAYURUNIQ,368.08,682900.28
2017-06-02,2017,6,Timed HODL,BUY,fallback,FIEMIND,371.58,1786.32
2017-06-02,2017,6,Timed HODL,BUY,fallback,FSL,25.66,1786.32
2017-06-02,2017,6,Timed HODL,BUY,fallback,MAHABANK,25.8,1786.32
2017-06-02,2017,6,Timed HODL,BUY,fallback,MAYURUNIQ,344.69,1786.32
2017-06-02,2017,6,Timed HODL,BUY,fallback,MCX,178.32,1786.32
2017-06-02,2017,6,Timed HODL,BUY,fallback,RSYSTEMS,35.51,1786.32
2017-06-08,2017,6,Timed Entry+Exit,BUY,,MCX,180.62,736489.98
2017-07-31,2017,7,Timed HODL,BUY,fallback,FIEMIND,379.92,2143.59
2017-07-31,2017,7,Timed HODL,BUY,fallback,MAHABANK,24.94,2143.59
2017-07-31,2017,7,Timed HODL,BUY,fallback,MAYURUNIQ,341.67,2143.59
2017-07-31,2017,7,Timed HODL,BUY,fallback,MCX,198.52,2143.59
2017-07-31,2017,7,Timed HODL,BUY,fallback,RSYSTEMS,37.44,2143.59
2017-08-22,2017,8,Timed Entry+Exit,BUY,,MAYURUNIQ,339.3,21435.88
2017-08-22,2017,8,Timed HODL,BUY,signal,MAYURUNIQ,339.3,10717.94
2017-09-06,2017,9,Timed Entry+Exit,BUY,,RSYSTEMS,34.79,10717.94
2017-09-06,2017,9,Timed HODL,BUY,signal,RSYSTEMS,34.79,10717.94
2017-09-21,2017,9,Timed Entry+Exit,SELL,,MCX,195.46,796219.36
2017-09-27,2017,9,Timed Entry+Exit,SELL,,RSYSTEMS,30.63,9427.02
2017-10-10,2017,10,Timed Entry+Exit,BUY,,MAHABANK,21.44,408182.16
2017-10-10,2017,10,Timed Entry+Exit,BUY,,RSYSTEMS,31.14,408182.16
2017-10-10,2017,10,Timed HODL,BUY,signal,MAHABANK,21.44,5358.97
2017-10-10,2017,10,Timed HODL,BUY,signal,RSYSTEMS,31.14,5358.97
2017-11-24,2017,11,Timed Entry+Exit,SELL,,MAYURUNIQ,431.33,27222.71
2017-11-29,2017,11,Timed HODL,BUY,fallback,BSE,85.56,2143.59
2017-11-29,2017,11,Timed HODL,BUY,fallback,FIEMIND,389.06,2143.59
2017-11-29,2017,11,Timed HODL,BUY,fallback,KARURVYSYA,79.73,2143.59
2017-11-29,2017,11,Timed HODL,BUY,fallback,MAHABANK,23.32,2143.59
2017-11-29,2017,11,Timed HODL,BUY,fallback,MCX,175.53,2143.59
2017-12-01,2017,12,Timed Entry+Exit,BUY,,MCX,172.51,48658.59
2017-12-01,2017,12,Timed HODL,BUY,signal,MCX,172.51,10717.94
2017-12-04,2017,12,Timed Entry+Exit,SELL,,MCX,168.28,47417.49
2017-12-11,2017,12,Timed Entry+Exit,BUY,,MCX,176.11,47417.49
2017-12-18,2017,12,Timed Entry+Exit,SELL,,RSYSTEMS,36.14,473260.24
2017-12-28,2017,12,Timed Entry+Exit,BUY,,BSE,85.02,473260.24
2017-12-29,2017,12,Timed Entry+Exit,SELL,,MCX,163.81,44061.44
2018-01-04,2018,1,Timed Entry+Exit,BUY,,MAHABANK,20.16,55851.18
2018-01-04,2018,1,Timed HODL,BUY,signal,MAHABANK,20.16,11789.74
2018-01-15,2018,1,Timed Entry+Exit,SELL,,MAHABANK,18.88,411285.25
2018-01-23,2018,1,Timed Entry+Exit,SELL,,BSE,84.12,467753.11
2018-02-20,2018,2,Timed Entry+Exit,BUY,,MCX,135.56,890828.1
2018-02-20,2018,2,Timed HODL,BUY,signal,MCX,135.56,11789.74
2018-03-15,2018,3,Timed Entry+Exit,BUY,,BSE,72.24,11789.74
2018-03-15,2018,3,Timed HODL,BUY,signal,BSE,72.24,11789.74
2018-03-22,2018,3,Timed Entry+Exit,SELL,,BSE,68.06,11095.78
2018-03-26,2018,3,Timed Entry+Exit,BUY,,FIEMIND,377.74,11095.78
2018-03-27,2018,3,Timed Entry+Exit,SELL,,MCX,123.37,809892.48
2018-03-28,2018,3,Timed Entry+Exit,BUY,,KARURVYSYA,69.16,809892.48
2018-04-02,2018,4,Timed Entry+Exit,BUY,,MAHABANK,11.75,11789.74
2018-04-02,2018,4,Timed HODL,BUY,signal,MAHABANK,11.75,11789.74
2018-05-04,2018,5,Timed Entry+Exit,SELL,,FIEMIND,380.2,11156.92
2018-05-11,2018,5,Timed Entry+Exit,SELL,,KARURVYSYA,68.89,805861.16
2018-05-25,2018,5,Timed Entry+Exit,BUY,,BSE,76.44,828807.83
2018-05-25,2018,5,Timed HODL,BUY,signal,BSE,76.44,11789.74
2018-06-04,2018,6,Timed Entry+Exit,BUY,,FIEMIND,359.97,11789.74
2018-06-04,2018,6,Timed HODL,BUY,signal,FIEMIND,359.97,11789.74
2018-06-05,2018,6,Timed Entry+Exit,SELL,,FIEMIND,353.1,11553.14
2018-06-15,2018,6,Timed Entry+Exit,BUY,,RSYSTEMS,27.91,11553.14
2018-06-18,2018,6,Timed Entry+Exit,SELL,,RSYSTEMS,27.44,11346.87
2018-06-28,2018,6,Timed Entry+Exit,SELL,,BSE,77.42,838546.54
2018-06-28,2018,6,Timed Entry+Exit,SELL,,MAHABANK,10.51,10535.92
2018-07-13,2018,7,Timed Entry+Exit,BUY,,RSYSTEMS,23.76,872219.07
2018-07-13,2018,7,Timed HODL,BUY,signal,RSYSTEMS,23.76,11789.74
2018-08-23,2018,8,Timed Entry+Exit,BUY,,FIEMIND,325.45,11789.74
2018-08-23,2018,8,Timed HODL,BUY,signal,FIEMIND,325.45,11789.74
2018-08-31,2018,8,Timed Entry+Exit,SELL,,FIEMIND,313.76,11354.99
2018-09-17,2018,9,Timed Entry+Exit,BUY,,OBEROIRLTY,457.92,23144.73
2018-09-17,2018,9,Timed HODL,BUY,signal,OBEROIRLTY,457.92,11789.74
2018-09-21,2018,9,Timed Entry+Exit,SELL,,RSYSTEMS,34.33,1259136.0
2018-09-24,2018,9,Timed Entry+Exit,SELL,,OBEROIRLTY,395.92,19991.01
2018-10-15,2018,10,Timed Entry+Exit,BUY,,MAYURUNIQ,352.92,1290916.75
2018-10-15,2018,10,Timed HODL,BUY,signal,MAYURUNIQ,352.92,11789.74
2018-11-02,2018,11,Timed Entry+Exit,SELL,,MAYURUNIQ,343.13,1253875.71
2018-11-05,2018,11,Timed Entry+Exit,BUY,,BSE,58.77,1265665.45
2018-11-05,2018,11,Timed HODL,BUY,signal,BSE,58.77,11789.74
2018-12-07,2018,12,Timed Entry+Exit,BUY,,FIEMIND,248.18,11789.74
2018-12-07,2018,12,Timed HODL,BUY,signal,FIEMIND,248.18,11789.74
2018-12-11,2018,12,Timed Entry+Exit,SELL,,FIEMIND,243.08,11536.25
2018-12-12,2018,12,Timed Entry+Exit,BUY,,FIEMIND,249.09,5768.12
2018-12-12,2018,12,Timed Entry+Exit,BUY,,KARURVYSYA,60.91,5768.12
2018-12-28,2018,12,Timed Entry+Exit,SELL,,FIEMIND,223.3,5165.72
2018-12-31,2018,12,Timed Entry+Exit,BUY,,CHOLAFIN,246.0,5165.72
2019-01-02,2019,1,Timed Entry+Exit,BUY,,MAYURUNIQ,380.35,12968.71
2019-01-02,2019,1,Timed HODL,BUY,signal,MAYURUNIQ,380.35,12968.71
2019-01-04,2019,1,Timed Entry+Exit,SELL,,CHOLAFIN,235.83,4947.12
2019-01-14,2019,1,Timed Entry+Exit,BUY,,FIEMIND,229.08,4947.12
2019-01-22,2019,1,Timed Entry+Exit,SELL,,MAYURUNIQ,374.45,12754.88
2019-01-25,2019,1,Timed Entry+Exit,SELL,,FIEMIND,215.21,4642.93
2019-01-28,2019,1,Timed Entry+Exit,SELL,,KARURVYSYA,67.91,6425.44
2019-02-06,2019,2,Timed Entry+Exit,SELL,,BSE,54.59,1174420.74
2019-02-12,2019,2,Timed Entry+Exit,BUY,,BLS,25.56,1211212.71
2019-02-12,2019,2,Timed HODL,BUY,signal,BLS,25.56,12968.71
2019-02-14,2019,2,Timed Entry+Exit,SELL,,BLS,23.17,1096670.23
2019-02-25,2019,2,Timed Entry+Exit,BUY,,BSE,55.81,1096670.23
2019-03-01,2019,3,Timed Entry+Exit,BUY,,FSL,35.36,12968.71
2019-03-01,2019,3,Timed HODL,BUY,signal,FSL,35.36,12968.71
2019-04-16,2019,4,Timed Entry+Exit,BUY,,MCX,148.16,12968.71
2019-04-22,2019,4,Timed Entry+Exit,SELL,,MCX,142.36,12448.48
2019-04-26,2019,4,Timed Entry+Exit,BUY,,MCX,153.81,12448.48
2019-04-30,2019,4,Timed Entry+Exit,SELL,,BSE,60.11,1179980.67
2019-05-03,2019,5,Timed HODL,BUY,fallback,BLS,30.95,4322.9
2019-05-03,2019,5,Timed HODL,BUY,fallback,BSE,61.39,4322.9
2019-05-03,2019,5,Timed HODL,BUY,fallback,FIEMIND,207.89,4322.9
2019-05-03,2019,5,Timed HODL,BUY,fallback,FSL,38.65,4322.9
2019-05-03,2019,5,Timed HODL,BUY,fallback,KARURVYSYA,60.14,4322.9
2019-05-03,2019,5,Timed HODL,BUY,fallback,MAYURUNIQ,300.97,4322.9
2019-05-06,2019,5,Timed Entry+Exit,SELL,,FSL,40.03,14665.79
2019-05-13,2019,5,Timed Entry+Exit,BUY,,FSL,40.5,1207615.18
2019-05-13,2019,5,Timed HODL,BUY,signal,FSL,40.5,0.0
2019-05-14,2019,5,Timed Entry+Exit,SELL,,MCX,151.62,12258.95
2019-05-27,2019,5,Timed Entry+Exit,BUY,,MAYURUNIQ,307.23,12258.95
2019-06-07,2019,6,Timed Entry+Exit,SELL,,FSL,41.41,1233505.01
2019-06-07,2019,6,Timed Entry+Exit,SELL,,MAYURUNIQ,280.4,11177.05
2019-07-02,2019,7,Timed HODL,BUY,fallback,BLS,23.38,4322.9
2019-07-02,2019,7,Timed HODL,BUY,fallback,FIEMIND,192.71,4322.9
2019-07-02,2019,7,Timed HODL,BUY,fallback,FSL,41.1,4322.9
2019-07-02,2019,7,Timed HODL,BUY,fallback,KARURVYSYA,53.63,4322.9
2019-07-02,2019,7,Timed HODL,BUY,fallback,MAYURUNIQ,260.5,4322.9
2019-07-02,2019,7,Timed HODL,BUY,fallback,RSYSTEMS,35.1,4322.9
2019-07-08,2019,7,Timed Entry+Exit,BUY,,MAYURUNIQ,259.21,1270619.48
2019-07-08,2019,7,Timed HODL,BUY,signal,MAYURUNIQ,259.21,0.0
2019-07-19,2019,7,Timed Entry+Exit,SELL,,MAYURUNIQ,234.74,1149542.06
2019-07-25,2019,7,Timed Entry+Exit,BUY,,BLS,19.2,1149542.06
2019-08-16,2019,8,Timed Entry+Exit,BUY,,FIEMIND,169.33,12968.71
2019-08-16,2019,8,Timed HODL,BUY,signal,FIEMIND,169.33,12968.71
2019-09-03,2019,9,Timed Entry+Exit,BUY,,MAHABANK,10.42,12968.71
2019-09-03,2019,9,Timed HODL,BUY,signal,MAHABANK,10.42,12968.71
2019-09-11,2019,9,Timed Entry+Exit,SELL,,FIEMIND,159.41,12197.12
2019-09-25,2019,9,Timed Entry+Exit,BUY,,FIEMIND,155.51,12197.12
2019-10-04,2019,10,Timed Entry+Exit,SELL,,MAHABANK,9.44,11734.51
2019-10-10,2019,10,Timed Entry+Exit,SELL,,BLS,18.84,1126844.51
2019-10-10,2019,10,Timed Entry+Exit,SELL,,FIEMIND,148.94,11669.95
2019-10-15,2019,10,Timed Entry+Exit,BUY,,BLS,19.29,581608.84
2019-10-15,2019,10,Timed Entry+Exit,BUY,,FIEMIND,153.11,581608.84
2019-10-15,2019,10,Timed HODL,BUY,signal,BLS,19.29,6484.35
2019-10-15,2019,10,Timed HODL,BUY,signal,FIEMIND,153.11,6484.35
2019-10-16,2019,10,Timed Entry+Exit,SELL,,BLS,18.84,567591.26
2019-10-23,2019,10,Timed Entry+Exit,BUY,,RSYSTEMS,36.17,567591.26
2019-11-01,2019,11,Timed Entry+Exit,BUY,,KARURVYSYA,42.53,12968.71
2019-11-01,2019,11,Timed HODL,BUY,signal,KARURVYSYA,42.53,12968.71
2019-12-12,2019,12,Timed Entry+Exit,SELL,,FIEMIND,187.4,711149.86
2019-12-17,2019,12,Timed Entry+Exit,BUY,,BLS,15.77,724118.57
2019-12-17,2019,12,Timed HODL,BUY,signal,BLS,15.77,12968.71
2020-01-10,2020,1,Timed Entry+Exit,SELL,,RSYSTEMS,60.52,948698.05
2020-01-29,2020,1,Timed Entry+Exit,SELL,,BLS,16.18,742198.6
2020-01-29,2020,1,Timed HODL,BUY,fallback,BLS,16.18,2377.6
2020-01-29,2020,1,Timed HODL,BUY,fallback,BSE,54.66,2377.6
2020-01-29,2020,1,Timed HODL,BUY,fallback,FSL,36.38,2377.6
2020-01-29,2020,1,Timed HODL,BUY,fallback,KARURVYSYA,38.08,2377.6
2020-01-29,2020,1,Timed HODL,BUY,fallback,MAHABANK,11.02,2377.6
2020-01-29,2020,1,Timed HODL,BUY,fallback,MAYURUNIQ,233.24,2377.6
2020-02-06,2020,2,Timed Entry+Exit,BUY,,BLS,17.02,1719427.81
2020-02-06,2020,2,Timed HODL,BUY,signal,BLS,17.02,14265.58
2020-03-31,2020,3,Timed HODL,BUY,fallback,BLS,7.08,1426.56
2020-03-31,2020,3,Timed HODL,BUY,fallback,BSE,29.95,1426.56
2020-03-31,2020,3,Timed HODL,BUY,fallback,CHOLAFIN,150.85,1426.56
2020-03-31,2020,3,Timed HODL,BUY,fallback,FIEMIND,117.01,1426.56
2020-03-31,2020,3,Timed HODL,BUY,fallback,FSL,23.93,1426.56
2020-03-31,2020,3,Timed HODL,BUY,fallback,KARURVYSYA,15.52,1426.56
2020-03-31,2020,3,Timed HODL,BUY,fallback,MAHABANK,7.6,1426.56
2020-03-31,2020,3,Timed HODL,BUY,fallback,MAYURUNIQ,145.29,1426.56
2020-03-31,2020,3,Timed HODL,BUY,fallback,OBEROIRLTY,324.36,1426.56
2020-04-08,2020,4,Timed Entry+Exit,BUY,,MAHABANK,7.69,28531.16
2020-04-08,2020,4,Timed HODL,BUY,signal,MAHABANK,7.69,15692.14
2020-05-12,2020,5,Timed Entry+Exit,SELL,,MAHABANK,7.52,27869.25
2020-05-13,2020,5,Timed Entry+Exit,BUY,,MAHABANK,7.73,42134.83
2020-05-13,2020,5,Timed HODL,BUY,signal,MAHABANK,7.73,14265.58
2020-05-20,2020,5,Timed Entry+Exit,SELL,,MAHABANK,7.35,39999.71
2020-05-27,2020,5,Timed Entry+Exit,BUY,,OBEROIRLTY,296.74,39999.71
2020-06-01,2020,6,Timed Entry+Exit,BUY,,MAHABANK,7.77,14265.58
2020-06-01,2020,6,Timed HODL,BUY,signal,MAHABANK,7.77,14265.58
2020-07-16,2020,7,Timed Entry+Exit,SELL,,MAHABANK,9.01,16522.14
2020-07-20,2020,7,Timed Entry+Exit,SELL,,KARURVYSYA,24.09,7338.08
2020-07-29,2020,7,Timed HODL,BUY,fallback,CHOLAFIN,218.5,3566.39
2020-07-29,2020,7,Timed HODL,BUY,fallback,KARURVYSYA,23.78,3566.39
2020-07-29,2020,7,Timed HODL,BUY,fallback,OBEROIRLTY,356.97,3566.39
2020-08-05,2020,8,Timed Entry+Exit,BUY,,MAYURUNIQ,243.05,52391.38
2020-08-14,2020,8,Timed HODL,BUY,signal,CHOLAFIN,215.24,17831.97
2020-08-31,2020,8,Timed Entry+Exit,SELL,,BLS,23.89,2411091.0
2020-09-07,2020,9,Timed Entry+Exit,SELL,,MAYURUNIQ,271.43,58450.29
2020-09-29,2020,9,Timed HODL,BUY,fallback,KARURVYSYA,25.32,4755.19
2020-09-29,2020,9,Timed HODL,BUY,fallback,OBEROIRLTY,391.05,4755.19
2020-10-01,2020,10,Timed Entry+Exit,SELL,,OBEROIRLTY,399.21,53758.01
2020-10-29,2020,10,Timed HODL,BUY,fallback,KARURVYSYA,24.17,9510.39
2020-10-29,2020,10,Timed HODL,BUY,fallback,MAHABANK,9.44,9510.39
2020-12-01,2020,12,Timed HODL,BUY,fallback,BLS,20.56,2377.6
2020-12-01,2020,12,Timed HODL,BUY,fallback,BSE,57.22,2377.6
2020-12-01,2020,12,Timed HODL,BUY,fallback,CHOLAFIN,369.89,2377.6
2020-12-01,2020,12,Timed HODL,BUY,fallback,FIEMIND,254.37,2377.6
2020-12-01,2020,12,Timed HODL,BUY,fallback,FSL,68.0,2377.6
2020-12-01,2020,12,Timed HODL,BUY,fallback,KARURVYSYA,28.7,2377.6
2020-12-01,2020,12,Timed HODL,BUY,fallback,MAHABANK,10.59,2377.6
2020-12-01,2020,12,Timed HODL,BUY,fallback,MAYURUNIQ,265.2,2377.6
2020-12-01,2020,12,Timed HODL,BUY,fallback,MCX,303.23,2377.6
2020-12-01,2020,12,Timed HODL,BUY,fallback,OBEROIRLTY,470.0,2377.6
2020-12-31,2020,12,Timed HODL,BUY,fallback,BLS,20.83,396.27
2020-12-31,2020,12,Timed HODL,BUY,fallback,BSE,64.6,396.27
2020-12-31,2020,12,Timed HODL,BUY,fallback,CHOLAFIN,382.57,396.27
2020-12-31,2020,12,Timed HODL,BUY,fallback,FIEMIND,263.48,396.27
2020-12-31,2020,12,Timed HODL,BUY,fallback,FSL,88.49,396.27
2020-12-31,2020,12,Timed HODL,BUY,fallback,KARURVYSYA,35.16,396.27
2020-12-31,2020,12,Timed HODL,BUY,fallback,MAHABANK,11.15,396.27
2020-12-31,2020,12,Timed HODL,BUY,fallback,MAYURUNIQ,301.86,396.27
2020-12-31,2020,12,Timed HODL,BUY,fallback,MCX,329.59,396.27
2020-12-31,2020,12,Timed HODL,BUY,fallback,OBEROIRLTY,570.41,396.27
2020-12-31,2020,12,Timed HODL,BUY,fallback,RSYSTEMS,106.0,396.27
2021-02-01,2021,2,Timed HODL,BUY,fallback,BLS,25.43,2648.38
2021-02-01,2021,2,Timed HODL,BUY,fallback,BSE,62.6,2648.38
2021-02-01,2021,2,Timed HODL,BUY,fallback,CHOLAFIN,437.14,2648.38
2021-02-01,2021,2,Timed HODL,BUY,fallback,FIEMIND,269.38,2648.38
2021-02-01,2021,2,Timed HODL,BUY,fallback,FSL,77.68,2648.38
2021-02-01,2021,2,Timed HODL,BUY,fallback,KARURVYSYA,34.12,2648.38
2021-02-01,2021,2,Timed HODL,BUY,fallback,MAHABANK,12.68,2648.38
2021-02-01,2021,2,Timed HODL,BUY,fallback,MAYURUNIQ,281.85,2648.38
2021-02-01,2021,2,Timed HODL,BUY,fallback,MCX,304.37,2648.38
2021-02-01,2021,2,Timed HODL,BUY,fallback,OBEROIRLTY,526.85,2648.38
2021-02-01,2021,2,Timed HODL,BUY,fallback,RSYSTEMS,102.85,2648.38
2021-03-02,2021,3,Timed HODL,BUY,fallback,MCX,286.16,18340.52
2021-05-04,2021,5,Timed HODL,BUY,fallback,BLS,21.44,15692.14
2021-05-04,2021,5,Timed HODL,BUY,fallback,MCX,283.1,15692.14
2021-06-29,2021,6,Timed HODL,BUY,fallback,MCX,287.16,15692.14
2021-07-30,2021,7,Timed HODL,BUY,fallback,BLS,37.04,1120.87
2021-07-30,2021,7,Timed HODL,BUY,fallback,BSE,130.29,1120.87
2021-07-30,2021,7,Timed HODL,BUY,fallback,CHOLAFIN,471.52,1120.87
2021-07-30,2021,7,Timed HODL,BUY,fallback,FIEMIND,372.66,1120.87
2021-07-30,2021,7,Timed HODL,BUY,fallback,HOMEFIRST,590.97,1120.87
2021-07-30,2021,7,Timed HODL,BUY,fallback,KARURVYSYA,37.8,1120.87
2021-07-30,2021,7,Timed HODL,BUY,fallback,MAHABANK,18.71,1120.87
2021-07-30,2021,7,Timed HODL,BUY,fallback,MAYURUNIQ,495.62,1120.87
2021-07-30,2021,7,Timed HODL,BUY,fallback,MCX,305.32,1120.87
2021-07-30,2021,7,Timed HODL,BUY,fallback,OBEROIRLTY,657.43,1120.87
2021-07-30,2021,7,Timed HODL,BUY,fallback,SBCL,87.07,1120.87
2021-08-31,2021,8,Timed HODL,BUY,fallback,KARURVYSYA,34.11,6351.58
2021-08-31,2021,8,Timed HODL,BUY,fallback,MAHABANK,15.42,6351.58
2021-08-31,2021,8,Timed HODL,BUY,fallback,MCX,294.54,6351.58
2021-09-30,2021,9,Timed HODL,BUY,fallback,KARURVYSYA,37.18,7846.07
2021-09-30,2021,9,Timed HODL,BUY,fallback,MAHABANK,17.13,7846.07
2021-11-01,2021,11,Timed HODL,BUY,fallback,KARURVYSYA,37.68,10461.43
2021-11-01,2021,11,Timed HODL,BUY,fallback,MAHABANK,17.68,10461.43
2021-11-01,2021,11,Timed HODL,BUY,fallback,MAYURUNIQ,416.88,10461.43
2021-12-29,2021,12,Timed HODL,BUY,fallback,CHOLAFIN,512.7,5230.71
2021-12-29,2021,12,Timed HODL,BUY,fallback,KARURVYSYA,34.81,5230.71
2021-12-29,2021,12,Timed HODL,BUY,fallback,MAHABANK,16.49,5230.71
2022-01-05,2022,1,Timed Entry+Exit,BUY,,CHOLAFIN,562.95,2785928.66
2022-02-01,2022,2,Timed HODL,BUY,fallback,FSL,144.46,11507.57
2022-02-01,2022,2,Timed HODL,BUY,fallback,MAHABANK,17.55,11507.57
2022-02-01,2022,2,Timed HODL,BUY,fallback,MCX,297.97,11507.57
2022-03-03,2022,3,Timed Entry+Exit,SELL,,CHOLAFIN,671.16,3318160.36
2022-03-09,2022,3,Timed Entry+Exit,BUY,,FSL,119.96,3352683.08
2022-03-09,2022,3,Timed HODL,BUY,signal,FSL,119.96,17261.36
2022-04-05,2022,4,Timed Entry+Exit,BUY,,MAHABANK,15.72,8630.68
2022-04-05,2022,4,Timed Entry+Exit,BUY,,MAYURUNIQ,397.97,8630.68
2022-04-05,2022,4,Timed HODL,BUY,signal,MAHABANK,15.72,8630.68
2022-04-05,2022,4,Timed HODL,BUY,signal,MAYURUNIQ,397.97,8630.68
2022-05-04,2022,5,Timed Entry+Exit,SELL,,FSL,108.64,3033479.0
2022-05-04,2022,5,Timed Entry+Exit,SELL,,MAHABANK,14.69,8059.75
2022-05-05,2022,5,Timed Entry+Exit,SELL,,MAYURUNIQ,351.05,7605.58
2022-05-20,2022,5,Timed Entry+Exit,BUY,,MAYURUNIQ,344.01,3066405.68
2022-05-20,2022,5,Timed HODL,BUY,signal,MAYURUNIQ,344.01,17261.36
2022-06-01,2022,6,Timed Entry+Exit,BUY,,FSL,101.35,17261.36
2022-06-01,2022,6,Timed HODL,BUY,signal,FSL,101.35,17261.36
2022-06-15,2022,6,Timed Entry+Exit,SELL,,FSL,93.82,15963.56
2022-06-21,2022,6,Timed Entry+Exit,SELL,,MAYURUNIQ,351.25,3127749.88
2022-06-23,2022,6,Timed Entry+Exit,BUY,,MAHABANK,14.12,3143713.45
2022-07-04,2022,7,Timed Entry+Exit,BUY,,OBEROIRLTY,750.12,17261.36
2022-07-04,2022,7,Timed HODL,BUY,signal,OBEROIRLTY,750.12,17261.36
2022-08-16,2022,8,Timed Entry+Exit,BUY,,FSL,98.26,17261.36
2022-08-16,2022,8,Timed HODL,BUY,signal,FSL,98.26,17261.36
2022-09-20,2022,9,Timed Entry+Exit,BUY,,BAJFINANCE,751.87,17261.36
2022-09-21,2022,9,Timed Entry+Exit,SELL,,OBEROIRLTY,988.51,22724.34
2022-09-23,2022,9,Timed Entry+Exit,SELL,,MAHABANK,16.02,3562585.46
2022-09-26,2022,9,Timed Entry+Exit,SELL,,BAJFINANCE,714.86,16395.16
2022-09-29,2022,9,Timed HODL,BUY,fallback,BSE,195.73,3452.27
2022-09-29,2022,9,Timed HODL,BUY,fallback,FSL,95.9,3452.27
2022-09-29,2022,9,Timed HODL,BUY,fallback,MAHABANK,15.4,3452.27
2022-09-29,2022,9,Timed HODL,BUY,fallback,MCX,232.43,3452.27
2022-11-01,2022,11,Timed HODL,BUY,fallback,BSE,193.88,9493.75
2022-11-01,2022,11,Timed HODL,BUY,fallback,FSL,97.42,9493.75
2022-11-01,2022,11,Timed HODL,BUY,fallback,HOMEFIRST,728.88,9493.75
2022-12-01,2022,12,Timed HODL,BUY,fallback,BSE,188.21,8918.37
2022-12-01,2022,12,Timed HODL,BUY,fallback,FSL,103.75,8918.37
2022-12-01,2022,12,Timed HODL,BUY,fallback,HOMEFIRST,738.18,8918.37
2022-12-13,2022,12,Timed Entry+Exit,SELL,,FSL,98.95,17365.66
2023-01-31,2023,1,Timed HODL,BUY,fallback,BSE,167.25,3164.58
2023-01-31,2023,1,Timed HODL,BUY,fallback,CHOLAFIN,702.73,3164.58
2023-01-31,2023,1,Timed HODL,BUY,fallback,HOMEFIRST,727.11,3164.58
2023-01-31,2023,1,Timed HODL,BUY,fallback,MAYURUNIQ,409.29,3164.58
2023-01-31,2023,1,Timed HODL,BUY,fallback,OBEROIRLTY,805.76,3164.58
2023-03-01,2023,3,Timed HODL,BUY,fallback,BSE,144.82,10284.89
2023-03-01,2023,3,Timed HODL,BUY,fallback,HOMEFIRST,721.94,10284.89
2023-03-01,2023,3,Timed HODL,BUY,fallback,OBEROIRLTY,852.48,10284.89
2023-03-08,2023,3,Timed Entry+Exit,BUY,,BSE,151.76,3727817.17
2023-03-08,2023,3,Timed HODL,BUY,signal,BSE,151.76,10284.89
2023-03-21,2023,3,Timed Entry+Exit,SELL,,BSE,141.81,3479894.82
2023-03-22,2023,3,Timed Entry+Exit,BUY,,BSE,143.55,3479894.82
2023-03-27,2023,3,Timed Entry+Exit,SELL,,BSE,134.35,3253569.38
2023-04-03,2023,4,Timed Entry+Exit,BUY,,BSE,146.42,3272556.87
2023-04-03,2023,4,Timed HODL,BUY,signal,BSE,146.42,18987.49
2023-05-30,2023,5,Timed HODL,BUY,fallback,BSE,176.56,9493.75
2023-05-30,2023,5,Timed HODL,BUY,fallback,HOMEFIRST,701.75,9493.75
2023-06-30,2023,6,Timed HODL,BUY,fallback,BLS,205.16,1265.83
2023-06-30,2023,6,Timed HODL,BUY,fallback,BSE,198.22,1265.83
2023-06-30,2023,6,Timed HODL,BUY,fallback,CHOICEIN,180.48,1265.83
2023-06-30,2023,6,Timed HODL,BUY,fallback,CHOLAFIN,1137.03,1265.83
2023-06-30,2023,6,Timed HODL,BUY,fallback,FIEMIND,854.32,1265.83
2023-06-30,2023,6,Timed HODL,BUY,fallback,FSL,121.07,1265.83
2023-06-30,2023,6,Timed HODL,BUY,fallback,HOMEFIRST,774.89,1265.83
2023-06-30,2023,6,Timed HODL,BUY,fallback,KARURVYSYA,100.14,1265.83
2023-06-30,2023,6,Timed HODL,BUY,fallback,MAHABANK,26.61,1265.83
2023-06-30,2023,6,Timed HODL,BUY,fallback,MAYURUNIQ,510.83,1265.83
2023-06-30,2023,6,Timed HODL,BUY,fallback,MCX,295.33,1265.83
2023-06-30,2023,6,Timed HODL,BUY,fallback,OBEROIRLTY,970.38,1265.83
2023-06-30,2023,6,Timed HODL,BUY,fallback,SBCL,608.87,1265.83
2023-07-31,2023,7,Timed HODL,BUY,fallback,BLS,239.7,1434.61
2023-07-31,2023,7,Timed HODL,BUY,fallback,BSE,263.6,1434.61
2023-07-31,2023,7,Timed HODL,BUY,fallback,CHOICEIN,177.35,1434.61
2023-07-31,2023,7,Timed HODL,BUY,fallback,CHOLAFIN,1127.87,1434.61
2023-07-31,2023,7,Timed HODL,BUY,fallback,FIEMIND,930.91,1434.61
2023-07-31,2023,7,Timed HODL,BUY,fallback,FSL,137.42,1434.61
2023-07-31,2023,7,Timed HODL,BUY,fallback,HOMEFIRST,859.99,1434.61
2023-07-31,2023,7,Timed HODL,BUY,fallback,KARURVYSYA,99.58,1434.61
2023-07-31,2023,7,Timed HODL,BUY,fallback,MAHABANK,30.98,1434.61
2023-07-31,2023,7,Timed HODL,BUY,fallback,MAYURUNIQ,511.27,1434.61
2023-07-31,2023,7,Timed HODL,BUY,fallback,MCX,326.99,1434.61
2023-07-31,2023,7,Timed HODL,BUY,fallback,OBEROIRLTY,1103.16,1434.61
2023-07-31,2023,7,Timed HODL,BUY,fallback,SBCL,692.32,1434.61
2023-08-29,2023,8,Timed Entry+Exit,SELL,,BSE,300.71,6714350.12
2023-08-30,2023,8,Timed HODL,BUY,fallback,BLS,283.31,1457.11
2023-08-30,2023,8,Timed HODL,BUY,fallback,BSE,319.82,1457.11
2023-08-30,2023,8,Timed HODL,BUY,fallback,CHOICEIN,181.18,1457.11
2023-08-30,2023,8,Timed HODL,BUY,fallback,CHOLAFIN,1111.93,1457.11
2023-08-30,2023,8,Timed HODL,BUY,fallback,FIEMIND,933.94,1457.11
2023-08-30,2023,8,Timed HODL,BUY,fallback,FSL,152.4,1457.11
2023-08-30,2023,8,Timed HODL,BUY,fallback,HOMEFIRST,808.94,1457.11
2023-08-30,2023,8,Timed HODL,BUY,fallback,KARURVYSYA,98.75,1457.11
2023-08-30,2023,8,Timed HODL,BUY,fallback,MAHABANK,35.86,1457.11
2023-08-30,2023,8,Timed HODL,BUY,fallback,MAYURUNIQ,551.09,1457.11
2023-08-30,2023,8,Timed HODL,BUY,fallback,MCX,320.66,1457.11
2023-08-30,2023,8,Timed HODL,BUY,fallback,OBEROIRLTY,1110.79,1457.11
2023-08-30,2023,8,Timed HODL,BUY,fallback,SBCL,580.75,1457.11
2023-09-29,2023,9,Timed HODL,BUY,fallback,BLS,247.03,1368.86
2023-09-29,2023,9,Timed HODL,BUY,fallback,BSE,428.93,1368.86
2023-09-29,2023,9,Timed HODL,BUY,fallback,CHOICEIN,210.57,1368.86
2023-09-29,2023,9,Timed HODL,BUY,fallback,CHOLAFIN,1213.0,1368.86
2023-09-29,2023,9,Timed HODL,BUY,fallback,FIEMIND,871.93,1368.86
2023-09-29,2023,9,Timed HODL,BUY,fallback,FSL,159.34,1368.86
2023-09-29,2023,9,Timed HODL,BUY,fallback,HOMEFIRST,801.83,1368.86
2023-09-29,2023,9,Timed HODL,BUY,fallback,KARURVYSYA,109.24,1368.86
2023-09-29,2023,9,Timed HODL,BUY,fallback,MAHABANK,43.87,1368.86
2023-09-29,2023,9,Timed HODL,BUY,fallback,MAYURUNIQ,509.51,1368.86
2023-09-29,2023,9,Timed HODL,BUY,fallback,MCX,407.84,1368.86
2023-09-29,2023,9,Timed HODL,BUY,fallback,OBEROIRLTY,1137.45,1368.86
2023-09-29,2023,9,Timed HODL,BUY,fallback,RRKABEL,1385.01,1368.86
2023-09-29,2023,9,Timed HODL,BUY,fallback,SBCL,524.35,1368.86
2023-11-01,2023,11,Timed HODL,BUY,fallback,FIEMIND,833.71,20356.35
2023-11-01,2023,11,Timed HODL,BUY,fallback,SBCL,513.34,20356.35
2024-01-01,2024,1,Timed HODL,BUY,fallback,BLS,322.49,2345.51
2024-01-01,2024,1,Timed HODL,BUY,fallback,BSE,728.03,2345.51
2024-01-01,2024,1,Timed HODL,BUY,fallback,CHOICEIN,232.57,2345.51
2024-01-01,2024,1,Timed HODL,BUY,fallback,CHOLAFIN,1220.77,2345.51
2024-01-01,2024,1,Timed HODL,BUY,fallback,FIEMIND,996.82,2345.51
2024-01-01,2024,1,Timed HODL,BUY,fallback,FSL,176.08,2345.51
2024-01-01,2024,1,Timed HODL,BUY,fallback,HOMEFIRST,921.52,2345.51
2024-01-01,2024,1,Timed HODL,BUY,fallback,INDIASHLTR,549.15,2345.51
2024-01-01,2024,1,Timed HODL,BUY,fallback,KARURVYSYA,139.45,2345.51
2024-01-01,2024,1,Timed HODL,BUY,fallback,MAHABANK,42.03,2345.51
2024-01-01,2024,1,Timed HODL,BUY,fallback,MAYURUNIQ,549.85,2345.51
2024-01-01,2024,1,Timed HODL,BUY,fallback,MCX,630.65,2345.51
2024-01-01,2024,1,Timed HODL,BUY,fallback,OBEROIRLTY,1429.7,2345.51
2024-01-01,2024,1,Timed HODL,BUY,fallback,RRKABEL,1564.49,2345.51
2024-01-01,2024,1,Timed HODL,BUY,fallback,SBCL,589.89,2345.51
2024-02-01,2024,2,Timed HODL,BUY,fallback,BAJFINANCE,666.85,25577.27
2024-03-15,2024,3,Timed Entry+Exit,BUY,,BAJFINANCE,644.21,6928908.76
2024-03-15,2024,3,Timed HODL,BUY,signal,BAJFINANCE,644.21,20886.24
2024-04-01,2024,4,Timed Entry+Exit,BUY,,SBCL,532.99,20886.24
2024-04-01,2024,4,Timed HODL,BUY,signal,SBCL,532.99,20886.24
2024-04-29,2024,4,Timed Entry+Exit,SELL,,BAJFINANCE,675.08,7253772.08
2024-05-08,2024,5,Timed Entry+Exit,SELL,,SBCL,553.51,21668.77
2024-05-17,2024,5,Timed Entry+Exit,BUY,,RSYSTEMS,457.07,7296327.1
2024-05-28,2024,5,Timed HODL,BUY,signal,BAJFINANCE,679.68,20886.24
2024-06-03,2024,6,Timed Entry+Exit,BUY,,BAJFINANCE,683.88,6652587.57
2024-06-03,2024,6,Timed Entry+Exit,SELL,,RSYSTEMS,415.85,6631701.33
2024-06-03,2024,6,Timed HODL,BUY,signal,BAJFINANCE,683.88,20886.24
2024-06-04,2024,6,Timed Entry+Exit,SELL,,BAJFINANCE,643.73,6255766.57
2024-06-06,2024,6,Timed Entry+Exit,BUY,,BAJFINANCE,684.89,2085255.52
2024-06-06,2024,6,Timed Entry+Exit,BUY,,HOMEFIRST,856.78,2085255.52
2024-06-06,2024,6,Timed Entry+Exit,BUY,,MAYURUNIQ,549.71,2085255.52
2024-07-10,2024,7,Timed Entry+Exit,SELL,,BAJFINANCE,701.17,2132670.37
2024-07-10,2024,7,Timed Entry+Exit,SELL,,MAYURUNIQ,629.27,2384665.92
2024-07-24,2024,7,Timed Entry+Exit,SELL,,HOMEFIRST,1033.56,2512978.47
2024-07-30,2024,7,Timed HODL,BUY,fallback,BAJFINANCE,678.18,20886.24
2024-08-26,2024,8,Timed Entry+Exit,BUY,,HOMEFIRST,1084.31,7072087.25
2024-08-30,2024,8,Timed HODL,BUY,fallback,RRKABEL,1602.45,20886.24
2024-09-11,2024,9,Timed Entry+Exit,SELL,,HOMEFIRST,1100.09,7167817.94
2024-10-30,2024,10,Timed HODL,BUY,fallback,BAJFINANCE,691.23,8354.5
2024-10-30,2024,10,Timed HODL,BUY,fallback,CHOLAFIN,1271.78,8354.5
2024-10-30,2024,10,Timed HODL,BUY,fallback,MAHABANK,52.09,8354.5
2024-10-30,2024,10,Timed HODL,BUY,fallback,RRKABEL,1471.54,8354.5
2024-11-01,2024,11,Timed Entry+Exit,BUY,,MAHABANK,52.18,7230476.66
2024-11-01,2024,11,Timed HODL,BUY,signal,MAHABANK,52.18,29240.74
2024-11-18,2024,11,Timed Entry+Exit,SELL,,MAHABANK,48.75,6748909.93
2024-11-25,2024,11,Timed Entry+Exit,BUY,,MAHABANK,51.1,6748909.93
2024-12-19,2024,12,Timed Entry+Exit,SELL,,MAHABANK,49.97,6593111.6
2024-12-31,2024,12,Timed HODL,BUY,fallback,BAJFINANCE,678.12,3481.04
2024-12-31,2024,12,Timed HODL,BUY,fallback,CHOLAFIN,1183.42,3481.04
2024-12-31,2024,12,Timed HODL,BUY,fallback,MAHABANK,49.13,3481.04
2024-12-31,2024,12,Timed HODL,BUY,fallback,RRKABEL,1431.76,3481.04
2024-12-31,2024,12,Timed HODL,BUY,fallback,RSYSTEMS,448.98,3481.04
2024-12-31,2024,12,Timed HODL,BUY,fallback,SBCL,570.09,3481.04
2025-01-01,2025,1,Timed Entry+Exit,BUY,,RRKABEL,1415.5,6636972.7
2025-01-01,2025,1,Timed HODL,BUY,signal,RRKABEL,1415.5,22974.86
2025-01-13,2025,1,Timed Entry+Exit,SELL,,RRKABEL,1301.58,6096716.19
2025-01-21,2025,1,Timed Entry+Exit,BUY,,MAHABANK,48.34,6096716.19
2025-01-24,2025,1,Timed Entry+Exit,SELL,,MAHABANK,46.74,5888985.9
2025-02-01,2025,2,Timed Entry+Exit,BUY,,MAHABANK,47.47,5911960.76
2025-02-01,2025,2,Timed HODL,BUY,signal,MAHABANK,47.47,22974.86
2025-02-11,2025,2,Timed Entry+Exit,SELL,,MAHABANK,45.27,5632005.19
2025-02-20,2025,2,Timed Entry+Exit,BUY,,MAHABANK,47.32,5632005.19
2025-02-28,2025,2,Timed Entry+Exit,SELL,,MAHABANK,43.69,5194352.72
2025-03-10,2025,3,Timed Entry+Exit,BUY,,RSYSTEMS,341.73,2608663.79
2025-03-10,2025,3,Timed Entry+Exit,BUY,,SBCL,468.35,2608663.79
2025-03-10,2025,3,Timed HODL,BUY,signal,RSYSTEMS,341.73,11487.43
2025-03-10,2025,3,Timed HODL,BUY,signal,SBCL,468.35,11487.43
2025-03-17,2025,3,Timed Entry+Exit,SELL,,RSYSTEMS,305.53,2330013.02
2025-03-20,2025,3,Timed Entry+Exit,BUY,,MAYURUNIQ,466.92,2330013.02
2025-04-07,2025,4,Timed Entry+Exit,SELL,,SBCL,396.84,2208143.15
2025-04-15,2025,4,Timed Entry+Exit,BUY,,MAHABANK,43.33,1115559.0
2025-04-15,2025,4,Timed Entry+Exit,BUY,,RSYSTEMS,327.56,1115559.0
2025-04-15,2025,4,Timed HODL,BUY,signal,MAHABANK,43.33,11487.43
2025-04-15,2025,4,Timed HODL,BUY,signal,RSYSTEMS,327.56,11487.43
2025-05-07,2025,5,Timed Entry+Exit,SELL,,MAYURUNIQ,467.26,2329413.06
2025-05-08,2025,5,Timed Entry+Exit,BUY,,MAYURUNIQ,460.03,2352387.92
2025-05-08,2025,5,Timed HODL,BUY,signal,MAYURUNIQ,460.03,22974.86
2025-06-02,2025,6,Timed Entry+Exit,BUY,,HOMEFIRST,1256.93,22974.86
2025-06-16,2025,6,Timed Entry+Exit,SELL,,MAYURUNIQ,570.57,2914703.46
2025-06-18,2025,6,Timed Entry+Exit,SELL,,HOMEFIRST,1277.23,23322.67
2025-06-18,2025,6,Timed Entry+Exit,SELL,,MAHABANK,52.86,1359498.39
2025-06-19,2025,6,Timed Entry+Exit,BUY,,HOMEFIRST,1283.5,4297524.52
2025-06-26,2025,6,Timed HODL,BUY,signal,SBCL,522.83,22974.86
2025-07-01,2025,7,Timed Entry+Exit,BUY,,MAHABANK,56.59,22974.86
2025-07-09,2025,7,Timed Entry+Exit,SELL,,HOMEFIRST,1357.06,4539270.06
2025-07-09,2025,7,Timed Entry+Exit,SELL,,RSYSTEMS,441.76,1502990.21
2025-07-14,2025,7,Timed Entry+Exit,SELL,,MAHABANK,54.41,22066.56
2025-07-29,2025,7,Timed HODL,BUY,fallback,BLS,369.03,4594.97
2025-07-29,2025,7,Timed HODL,BUY,fallback,FSL,322.95,4594.97
2025-07-29,2025,7,Timed HODL,BUY,fallback,OBEROIRLTY,1658.54,4594.97
2025-07-29,2025,7,Timed HODL,BUY,fallback,PREMIERENE,1051.05,4594.97
2025-07-29,2025,7,Timed HODL,BUY,fallback,SBCL,518.76,4594.97
2025-09-02,2025,9,Timed HODL,BUY,fallback,BLS,365.67,6564.25
2025-09-02,2025,9,Timed HODL,BUY,fallback,CHOLAFIN,1430.33,6564.25
2025-09-02,2025,9,Timed HODL,BUY,fallback,MAYURUNIQ,528.2,6564.25
2025-09-02,2025,9,Timed HODL,BUY,fallback,OBEROIRLTY,1645.59,6564.25
2025-09-02,2025,9,Timed HODL,BUY,fallback,PREMIERENE,1019.5,6564.25
2025-09-02,2025,9,Timed HODL,BUY,fallback,RRKABEL,1188.69,6564.25
2025-09-02,2025,9,Timed HODL,BUY,fallback,SBCL,505.99,6564.25
2025-10-31,2025,10,Timed HODL,BUY,fallback,BLS,312.36,11487.43
2025-10-31,2025,10,Timed HODL,BUY,fallback,SBCL,477.96,11487.43
2025-11-04,2025,11,Timed Entry+Exit,BUY,,BLS,319.65,6156226.27
2025-11-04,2025,11,Timed HODL,BUY,signal,BLS,319.65,22974.86
2025-12-17,2025,12,Timed Entry+Exit,SELL,,BLS,309.68,5958092.22
2025-12-19,2025,12,Timed Entry+Exit,BUY,,BLS,322.98,5981067.08
2025-12-19,2025,12,Timed HODL,BUY,signal,BLS,322.98,22974.86
2026-01-06,2026,1,Timed Entry+Exit,SELL,,BLS,310.62,5746408.91
2026-01-23,2026,1,Timed Entry+Exit,BUY,,HOMEFIRST,1107.62,5771681.26
2026-01-23,2026,1,Timed HODL,BUY,signal,HOMEFIRST,1107.62,25272.35
2026-02-02,2026,2,Timed Entry+Exit,BUY,,INDIASHLTR,790.3,12636.17
2026-02-02,2026,2,Timed Entry+Exit,BUY,,PREMIERENE,733.66,12636.17
2026-02-02,2026,2,Timed HODL,BUY,signal,INDIASHLTR,790.3,12636.17
2026-02-02,2026,2,Timed HODL,BUY,signal,PREMIERENE,733.66,12636.17
2026-02-12,2026,2,Timed Entry+Exit,SELL,,INDIASHLTR,742.15,11854.44
2026-02-26,2026,2,Timed Entry+Exit,BUY,,OBEROIRLTY,1542.49,11854.44
2026-02-27,2026,2,Timed Entry+Exit,SELL,,HOMEFIRST,1078.06,5612022.69
2026-03-02,2026,3,Timed Entry+Exit,SELL,,OBEROIRLTY,1488.86,11430.82
2026-03-04,2026,3,Timed Entry+Exit,SELL,,PREMIERENE,705.68,12142.12
2026-03-09,2026,3,Timed Entry+Exit,BUY,,AADHARHFC,481.7,5660867.98
2026-03-09,2026,3,Timed HODL,BUY,signal,AADHARHFC,481.7,25272.35
2026-03-23,2026,3,Timed Entry+Exit,SELL,,AADHARHFC,445.1,5225521.94
2026-03-25,2026,3,Timed Entry+Exit,BUY,,BLS,264.35,2612760.97
2026-03-25,2026,3,Timed Entry+Exit,BUY,,OBEROIRLTY,1497.85,2612760.97
2026-04-06,2026,4,Timed Entry+Exit,BUY,,CHOICEIN,640.85,12636.17
2026-04-06,2026,4,Timed Entry+Exit,BUY,,RSYSTEMS,263.52,12636.17
2026-04-06,2026,4,Timed HODL,BUY,signal,CHOICEIN,640.85,12636.17
2026-04-06,2026,4,Timed HODL,BUY,signal,RSYSTEMS,263.52,12636.17
2026-05-05,2026,5,Timed Entry+Exit,SELL,,CHOICEIN,657.95,12960.38
2026-05-07,2026,5,Timed Entry+Exit,BUY,,CHOICEIN,689.95,38232.73
2026-05-07,2026,5,Timed HODL,BUY,signal,CHOICEIN,689.95,25272.35
2026-05-11,2026,5,Timed Entry+Exit,SELL,,OBEROIRLTY,1632.68,2845109.84
2026-05-18,2026,5,Timed Entry+Exit,SELL,,CHOICEIN,655.9,36309.57
2026-05-19,2026,5,Timed Entry+Exit,BUY,,SBCL,633.15,2881419.41
2026-05-25,2026,5,Timed Entry+Exit,BUY,,CHOLAFIN,1591.0,12809.41
2026-05-25,2026,5,Timed Entry+Exit,SELL,,RSYSTEMS,267.4,12809.41
2026-06-02,2026,6,Timed Entry+Exit,SELL,,CHOLAFIN,1482.8,11926.34
